name,activations,TP,FP,TN,FN,precision,recall,f1,specificity
professional_married,2461,1662,799,11636,2184,0.675335229581471,0.43213728549141966,0.5270334548913906,0.9357458785685565
married_high_edu,2242,1587,655,11780,2259,0.707850133809099,0.4126365054602184,0.521353482260184,0.9473260956976277
high_edu_husband_wife,2186,1565,621,11814,2281,0.7159194876486734,0.40691627665106606,0.5188992042440318,0.9500603136308806
professional_hours_over_45,1432,839,593,11842,3007,0.5858938547486033,0.21814872594903797,0.3179234558544904,0.9523120225170889
us_capital_gain_high,1006,747,259,12176,3099,0.742544731610338,0.19422776911076442,0.307914262159934,0.9791716928025734
capital_gain_high,803,712,91,12344,3134,0.8866749688667497,0.18512740509620385,0.3063024306302431,0.9926819461198231
married_masters,842,654,188,12247,3192,0.7767220902612827,0.17004680187207488,0.2790102389078498,0.9848813831926015
husband_capgain_pos,768,576,192,12243,3270,0.75,0.1497659906396256,0.24967490247074123,0.9845597104945718
